name,birthday
Winter Coleman,"July 15, 1993"
Aidan Williams,"October 08, 1980"
Althea Sullivan,"March 13, 1981"
Mercedes Watson,"January 17, 1982"
Rhea Martin,"March 12, 1968"
Clark Ellis,"September 18, 1976"
Debra Chavez,"September 16, 1988"
Cyrus Rojas,"December 04, 1966"
Chantale Soto,"January 02, 1993"
Phyllis Jimenez,"January 26, 1975"
Margaret Harvey,"March 12, 1989"
Jasmine Weaver,"May 20, 2003"
Walter Lawrence,"July 09, 1978"
Oliver Gray,"July 17, 1975"
Penelope Lee,"September 14, 1965"
Quamar Burton,"May 21, 1994"
Iola Wheeler,"March 16, 2001"
Tanek Stephens,"April 27, 1985"
Kathleen Cooper,"April 12, 1998"
Hall Fields,"August 26, 1964"
Peter Tucker,"September 02, 1986"
Felicia Vazquez,"January 30, 1985"
Dieter Marquez,"September 22, 1981"
Risa Kim,"November 02, 2001"
Veronica Gomez,"July 24, 1973"
Kirk Lewis,"February 04, 1961"
Mira Li,"May 21, 1986"
Chava Morris,"December 12, 2002"
Hollee Myers,"October 30, 1977"
Mark Padilla,"November 25, 1972"
Dustin Richardson,"July 20, 1996"
Ava Spencer,"February 07, 1962"
Ria Ruiz,"January 04, 1961"
Hammett Gonzales,"November 10, 1971"
Jemima Pierce,"March 10, 2004"
Roth Watson,"July 06, 1978"
Colette White,"April 15, 1972"
Nicole Reid,"October 18, 1978"
Kennedy Campbell,"January 11, 1975"
Vernon Garcia,"March 10, 1961"
Fatima Kelley,"January 30, 1966"
Uriah Lee,"January 22, 1974"
Dale Henderson,"March 24, 1976"
Kaitlin Henry,"October 18, 1965"
Mark Murphy,"December 15, 1986"
Thane Fernandez,"June 14, 1975"
Colby Phillips,"September 16, 1981"
Minerva Cox,"December 08, 1997"
Nita Walker,"January 08, 1970"
Susan Little,"March 27, 1960"
Tarik Campbell,"January 28, 1966"
Hashim Nichols,"January 22, 1967"
Eleanor Smith,"October 18, 1982"
Odessa Hall,"April 24, 1961"
Kadeem Perkins,"February 06, 1982"
Gemma Hayes,"September 19, 1986"
Dana Marshall,"November 29, 1986"
Robert Wells,"July 24, 1998"
Ronan Oliver,"July 28, 1987"
Josiah Garrett,"January 30, 1969"
Maia Lewis,"March 07, 1999"
Imogene West,"April 25, 1987"
Yvonne Pierce,"June 19, 1986"
Harper Ortiz,"February 22, 1973"
Myles Bennett,"November 02, 1997"
Rigel Burke,"March 03, 1981"
Howard Robinson,"December 09, 1960"
Chiquita Price,"March 12, 1972"
Sierra Montgomery,"March 22, 1986"
Maxwell Welch,"August 14, 2003"
Burke Stephens,"September 14, 1968"
Kalia Pena,"January 28, 1987"
Ivory Bell,"July 16, 1994"
Anthony Lawrence,"June 18, 1994"
Elliott Perry,"May 29, 1983"
Dorothy Santiago,"December 03, 1974"
Vera Russell,"January 11, 1978"
Jacqueline Rodriguez,"February 21, 1977"
Rose Flores,"January 18, 2004"
Dustin Parker,"August 09, 1977"
Macey Dixon,"December 06, 1980"
Baxter Lee,"August 14, 2002"
Xander Morgan,"November 30, 1990"
Arthur Willis,"September 26, 1969"
Vaughan Li,"June 11, 1998"
Yuli Hall,"December 28, 1978"
Eaton Carlson,"March 20, 1969"
Gavin Ruiz,"February 11, 1969"
Daria Hernandez,"February 09, 1961"
Hollee Munoz,"March 27, 1999"
Harding Jacobs,"October 07, 1990"
Priscilla Arnold,"July 29, 1968"
Cecilia Webb,"October 14, 1984"
Shellie Butler,"February 26, 1966"
Amy Ortiz,"March 28, 1978"
Rebekah Simmons,"July 15, 1993"
Kareem Bailey,"November 03, 1996"
Hanae Morris,"June 03, 1982"
Talon Little,"April 27, 1994"
Stephanie Le,"February 01, 1976"
Sacha Weaver,"January 13, 1961"
Alyssa Spencer,"October 13, 1982"
Serena Le,"August 12, 1967"
Lev Walker,"February 02, 1973"
Henry Name,"December 23, 1967"
Melanie Hunt,"February 09, 1964"
Irma Mcdonald,"February 04, 1973"
Lucas Pierce,"November 11, 1994"
Kiara Anderson,"May 01, 1985"
Matthew Hamilton,"April 12, 1960"
Alec Moore,"February 20, 1973"
Jena Nunez,"May 12, 1975"
Kelsie Edwards,"October 16, 1981"
Elton Nguyen,"May 07, 1994"
Bert Chapman,"May 02, 1970"
Ivory Contreras,"November 26, 1976"
Brenden Hunter,"October 24, 1970"
Nathan Bradley,"January 25, 1964"
Neville Hudson,"August 07, 1971"
Kylynn Ryan,"December 17, 1971"
Rahim Henderson,"January 28, 1970"
Shelly Marquez,"April 14, 2000"
Castor Carter,"January 06, 1960"
Byron Thompson,"April 18, 1972"
Stephen Snyder,"January 07, 1984"
Aretha Kim,"January 09, 1986"
Noah Hill,"July 05, 1978"
Marsden Johnston,"August 02, 1988"
Rinah Kelley,"August 19, 1973"
Hayden Diaz,"February 26, 1982"
Alyssa Gutierrez,"November 02, 1970"
Keaton Bishop,"February 22, 1969"
Brielle Le,"February 21, 1960"
Cheryl Lee,"June 01, 1987"
Yoshio Baker,"December 20, 1991"
Orson Wong,"July 12, 1968"
Maggie Diaz,"September 20, 1966"
Claudia Pierce,"April 02, 2002"
Ferdinand Kennedy,"February 14, 1966"
Amity Fuller,"July 24, 1979"
Michelle Cunningham,"September 18, 1986"
Yuli Name,"April 19, 1986"
Madeson Cook,"November 20, 1986"
Harper Garcia,"October 15, 1964"
Lillian Hawkins,"October 15, 1996"
Cora Foster,"March 04, 1960"
Tanya Simpson,"April 19, 1964"
Sybill Harrison,"November 13, 1989"
Robin Mills,"January 18, 1978"
Elmo Stone,"February 03, 1974"
Wyoming George,"April 09, 1997"
Kevin Martinez,"May 01, 1988"
Ila Rodriguez,"November 03, 1998"
Echo Ryan,"May 25, 1993"
Eaton Ramos,"June 29, 1999"
Derek Nunez,"June 03, 1978"
Irene Hansen,"April 09, 1992"
Andrew Guzman,"December 13, 2002"
Patrick Brooks,"May 28, 2004"
Patience Russell,"December 28, 1978"
Victor Phillips,"May 31, 1984"
Rae Silva,"April 04, 1998"
Xantha Fernandez,"November 26, 2000"
Ian Turner,"April 14, 2003"
Kane Barnes,"May 21, 1991"
Jemima Matthews,"July 04, 1995"
Karly Dunn,"March 18, 2003"
Bianca Armstrong,"November 23, 1974"
Cedric Henderson,"March 17, 1992"
Lance Oliver,"April 26, 1999"
Roary Black,"August 25, 1961"
Uriel Harper,"February 24, 1992"
Xantha Wallace,"September 22, 2002"
Simone Wheeler,"July 26, 1962"
Charissa Hall,"June 12, 1998"
Brent Lewis,"September 27, 1973"
Ferdinand Wilson,"April 13, 1989"
Oscar Reynolds,"February 02, 1969"
Yasir Flores,"December 15, 1972"
Irma Thomas,"August 03, 1989"
Cynthia Crawford,"January 02, 1963"
Jillian Franklin,"October 02, 2003"
Nissim Bell,"July 23, 1962"
Donovan Hunt,"March 02, 1977"
Jackson Montgomery,"September 14, 2004"
Georgia Sims,"January 15, 1993"
Jamal Simmons,"July 25, 1972"
Ulla Turner,"July 23, 1974"
Walker Romero,"July 24, 1966"
Stella Rojas,"June 28, 1979"
Adam Stone,"September 12, 1987"
Lyle Rose,"February 21, 1997"
Britanney Wright,"April 15, 1968"
Kameko Bailey,"November 04, 2002"
Benjamin Nelson,"July 26, 1960"
Maya Lopez,"April 10, 1980"
Basil Sullivan,"May 16, 1985"
Cyrus Herrera,"January 30, 1985"
Zahir Palmer,"January 06, 1970"
Nola Park,"May 25, 1983"
Susan Davis,"July 20, 1978"
Zachery Soto,"December 07, 1998"
Noble Weaver,"January 18, 1961"
Renee Henry,"January 31, 1973"
Myra Grant,"August 09, 1963"
Rooney Martin,"May 31, 1983"
Quintessa Hoffman,"April 22, 2003"
Diana Elliott,"April 07, 1970"
Armando Bennett,"March 02, 1960"
Carson Cunningham,"October 29, 1991"
Vincent Sanders,"February 25, 2001"
Maggy Hall,"September 28, 1998"
Amal West,"April 23, 1963"
Lance Owens,"February 15, 1982"
Keane Morris,"January 08, 1994"
Reed Howell,"August 05, 1975"
Skyler Jacobs,"July 08, 1987"
Kaseem Sanchez,"August 31, 1992"
Quintessa Bennett,"June 17, 1996"
Herman Nguyen,"May 17, 1981"
Ali Santiago,"July 24, 1963"
Julian Berry,"September 17, 1997"
Wanda Holmes,"January 13, 1981"
Yoko Lynch,"February 23, 1997"
Asher Holmes,"January 10, 1963"
Shannon Larson,"September 05, 1998"
Drew Wright,"December 07, 1965"
Wilma Santiago,"November 10, 1977"
Damian Walker,"August 11, 1980"
Dean Kim,"January 24, 1972"
Garrett Ortega,"October 25, 1989"
Gray Walsh,"July 22, 1968"
Regina Dean,"February 21, 1996"
Ali Armstrong,"September 11, 1984"
Orlando Alvarez,"February 03, 1971"
Keely Wheeler,"March 12, 1989"
Harding Carr,"August 17, 1994"
Buckminster Ross,"March 27, 2002"
Marsden Wilson,"May 18, 1966"
Vance Jacobs,"June 27, 1977"
Naomi Gomez,"October 08, 1977"
Meghan Howell,"January 26, 1980"
Jerome Diaz,"August 25, 1971"
Matthew Wagner,"February 12, 1964"
Hu Myers,"November 12, 1981"
Stephen Li,"February 14, 1962"
Hayfa Perry,"August 03, 1984"
Octavia Ramirez,"September 02, 1977"
Prescott Jensen,"January 02, 1961"
Adena Larson,"June 23, 1993"
Elizabeth Jenkins,"March 31, 1998"
Sacha Marshall,"May 11, 1984"
Graiden Elliott,"October 23, 1960"
Kay Snyder,"January 18, 1974"
Carol Snyder,"March 18, 1971"
Prescott Mason,"September 29, 1979"
Kennedy Torres,"October 27, 2001"
Rae Peterson,"August 05, 1981"
Britanney Sanders,"March 24, 1974"
Valentine Guzman,"August 23, 1960"
Justine Delgado,"May 19, 1987"
Declan Grant,"January 15, 1994"
Timon Harrison,"July 12, 1968"
Quinlan Olson,"December 26, 1965"
Chastity Riley,"September 22, 1985"
Alden Rodriguez,"September 05, 1988"
Deirdre Sanders,"May 21, 1999"
Lucas Pierce,"August 18, 1993"
Dalton Cruz,"December 24, 1987"
Beck Hill,"August 07, 1960"
Amery Castro,"December 18, 1985"
Jessica Hunt,"November 10, 1988"
Marshall Greene,"November 21, 1965"
Imelda Long,"July 13, 1961"
Risa Payne,"November 10, 1986"
Bethany Simmons,"May 08, 1994"
Leilani Wagner,"September 30, 1977"
Kelsey Nelson,"September 01, 1999"
Jillian Morrison,"April 16, 1972"
Audrey Schmidt,"April 20, 1996"
Cameran Vega,"February 04, 1985"
Macy Hernandez,"November 19, 1975"
Dieter Nichols,"December 21, 2001"
Leo Burns,"August 10, 1969"
Wilma Santiago,"January 15, 1974"
Philip Kennedy,"August 13, 2002"
Lee Cooper,"March 23, 1998"
Noelani Nelson,"September 02, 1978"
Ulric Wagner,"February 11, 1971"
Nicole Cook,"May 22, 1965"
Bruce Jenkins,"April 19, 2001"
Nathan Alvarez,"August 28, 1984"
Alika Allen,"October 15, 1961"
Brendan Cunningham,"December 10, 1990"
Ethan Freeman,"August 15, 1968"
Kirsten Sanders,"November 05, 1987"
Christian Carpenter,"October 24, 1966"
Colin Lawson,"July 04, 1972"
Fuller Ward,"May 12, 1962"
Ebony Robertson,"September 10, 1990"
Idona Espinoza,"July 11, 1979"
Felix Wood,"November 09, 1996"
Glenna Morgan,"May 05, 2003"
Lucas Griffin,"November 01, 2001"
Brianna Fisher,"August 30, 1964"
Dana Ford,"April 03, 1972"
Samson Holmes,"April 06, 1978"
Carla Roberts,"December 06, 1996"
Joy Mcdonald,"January 02, 2002"
Roary Hill,"October 03, 1997"
Slade Tran,"May 26, 2000"
Quon Boyd,"February 06, 1992"
Rhea Holmes,"August 16, 2002"
Demetrius King,"March 07, 1999"
Lionel Coleman,"March 01, 2002"
Hasad Robertson,"September 22, 1989"
Dolan Jenkins,"November 07, 1966"
Quin Harper,"June 10, 1987"
Kyle Estrada,"September 03, 1982"
Lavinia Robinson,"October 13, 1991"
Athena Le,"December 16, 1965"
Ivor Jenkins,"February 07, 1965"
Noah Morris,"October 06, 1994"
Lysandra Soto,"June 11, 1964"
Elliott Sanchez,"November 16, 1985"
Blossom Maldonado,"April 03, 1992"
Fallon White,"August 19, 2003"
Scott Webb,"June 11, 1975"
Lawrence Payne,"December 04, 1969"
Maite Rios,"April 15, 1997"
Ali Shaw,"April 12, 1979"
Zachery Brown,"March 08, 1999"
Giacomo Murphy,"August 07, 1996"
Orli Name,"August 26, 1993"
Juliet Romero,"October 05, 1979"
Tanisha Mills,"December 06, 1998"
Ulysses Campbell,"July 03, 1994"
Brenden Mccoy,"December 18, 1968"
Pearl Andrews,"February 16, 1983"
Tara Mitchell,"February 27, 1987"
Hasad Austin,"June 21, 1992"
Magee Reyes,"January 08, 1994"
Shad Morgan,"November 19, 1987"
Clarke Marquez,"September 10, 1980"
Raphael Medina,"September 10, 1985"
Brianna Campbell,"August 16, 2002"
Odysseus Fuller,"June 14, 1987"
Wesley Delgado,"May 24, 2002"
Erich Santiago,"June 17, 1966"
Arden Fernandez,"April 05, 1981"
Chantale Ward,"May 23, 1960"
MacKenzie Turner,"November 01, 1994"
Xantha Walsh,"March 26, 1991"
Donna Guerrero,"March 14, 1990"
Paula Estrada,"March 09, 1966"
Urielle Matthews,"January 05, 1980"
Rudyard Hunt,"January 15, 1975"
David Morales,"August 05, 1985"
Cynthia Hall,"April 09, 1998"
Griffin Torres,"May 27, 1960"
Aidan Meyer,"August 13, 1979"
Audrey Campbell,"July 13, 1999"
Jordan Guerrero,"May 11, 1991"
Sierra Weber,"October 11, 1975"
Ezra Dunn,"May 17, 1967"
Imelda Guzman,"November 23, 1985"
Freya Meyer,"February 14, 1995"
Gretchen Vargas,"May 14, 1971"
Emerson Wang,"August 15, 1999"
Lacota Black,"February 27, 1990"
Camden Garcia,"January 23, 2004"
Laith Mcdonald,"April 24, 1982"
Quon Russell,"September 11, 1973"
Lydia Williamson,"November 25, 1966"
Kane Kennedy,"June 21, 1976"
Garth Hoffman,"June 12, 1992"
Gregory Carlson,"May 25, 1974"
Cally Wilson,"January 10, 1995"
Walter Mcdonald,"May 27, 1983"
Camden Vazquez,"June 27, 1993"
Chadwick Marquez,"October 23, 1983"
Uriel Matthews,"June 06, 1988"
Dustin Roberts,"April 27, 1960"
Quemby Hunt,"November 08, 1960"
Hall Delgado,"October 17, 1994"
Austin Anderson,"April 04, 1983"
Rosalyn Russell,"August 20, 1998"
Fletcher Fowler,"December 03, 1969"
Haviva Owens,"February 12, 1983"
Christopher Silva,"December 21, 1982"
Eve Davis,"March 18, 1963"
Charde Turner,"February 05, 1989"
Serina Dominguez,"January 31, 1981"
Isabella Wagner,"October 23, 1965"
Callie Ortiz,"April 06, 1984"
Drake Edwards,"August 11, 1972"
Leilani Alexander,"August 20, 1978"
Zoe Gray,"April 17, 1968"
Lev Fox,"March 18, 1997"
Ashely Johnston,"August 16, 1976"
Branden Lane,"December 30, 1979"
Harding Morrison,"August 24, 1977"
Leslie Garrett,"April 14, 2001"
Lewis Sandoval,"September 05, 1969"
Chanda Bowman,"May 02, 1969"
Brynn Sullivan,"February 01, 1966"
Abdul Thompson,"November 18, 1998"
Connor Hanson,"November 30, 1987"
Tad Franklin,"September 22, 1989"
Myles Price,"February 14, 1970"
Quin Bailey,"October 06, 1966"
Jordan Alexander,"May 24, 1970"
Jasper Kelley,"September 28, 1994"
Baker Murray,"September 15, 1985"
Plato Carpenter,"April 13, 1973"
Joseph Mendoza,"June 08, 1993"
Ignacia Nunez,"November 18, 1964"
Brenda Name,"November 12, 1993"
Zenaida Hawkins,"July 01, 1982"
Francis Reed,"September 26, 1972"
Halla Hunter,"April 04, 1976"
Keaton Hart,"September 09, 2003"
Jacqueline Estrada,"July 01, 1999"
Henry Harper,"December 26, 1966"
Shea Singh,"August 31, 1987"
Victor Crawford,"January 28, 1963"
Elvis Ramirez,"October 27, 1965"
Ariel Ward,"April 30, 1983"
Stone Franklin,"October 18, 1986"
Ava Diaz,"February 26, 1969"
Zelda Guzman,"November 06, 1989"
Rosalyn Ward,"June 17, 1977"
Dante Peterson,"February 25, 1967"
Nevada Anderson,"December 02, 1976"
Wayne Garza,"July 25, 1966"
Sean Hudson,"June 05, 1977"
Griffin Ryan,"October 11, 1966"
Ivory Park,"April 01, 1997"
Charity Carpenter,"March 09, 1976"
Chadwick Greene,"August 11, 1996"
Mannix Luna,"June 24, 1965"
Bert Peterson,"May 06, 1968"
Ciaran Day,"October 09, 1973"
Nathan Peters,"January 03, 1979"
Melanie Watkins,"June 03, 1963"
Noelle Boyd,"October 15, 1979"
Caryn Kelly,"April 05, 1968"
Maris Griffin,"April 04, 1966"
Kareem Washington,"September 27, 1977"
Gary Morgan,"January 10, 1963"
Nora Howell,"January 11, 1995"
Jackson Castillo,"February 09, 1981"
Illana Holmes,"August 03, 1998"
Nichole Roberts,"December 13, 1999"
Odysseus Aguilar,"February 14, 2002"
Daria Mendez,"January 03, 1991"
Arsenio Fuller,"March 26, 2004"
Mara Hudson,"December 03, 1995"
Olivia Valdez,"October 15, 1976"
Whoopi Perry,"June 21, 1979"
Erasmus Cole,"August 26, 1990"
Kirsten Pierce,"May 13, 1976"
Zephania Hansen,"September 10, 1963"
Byron Ellis,"April 18, 1963"
Genevieve Shaw,"August 30, 2002"
Jordan Hughes,"May 14, 1969"
Dorothy Rojas,"November 07, 1960"
Alec Brooks,"July 31, 1995"
Aretha Hill,"February 02, 1988"
Geraldine Kelley,"January 25, 1977"
Denton Romero,"July 09, 2003"
Rigel Burns,"December 24, 1974"
Cadman Spencer,"April 16, 1974"
September Bradley,"February 21, 1998"
Jakeem Sanchez,"September 01, 2002"
Arthur Wong,"August 29, 1982"
Micah Alvarez,"November 06, 1994"
Phyllis Morales,"August 03, 1982"
Ocean Guzman,"June 21, 1997"
Chandler Pierce,"March 13, 1968"
Zephr Bradley,"July 03, 1972"
Dane Gardner,"August 22, 1996"
Julian Ruiz,"March 14, 1983"
Thaddeus Vazquez,"May 13, 1983"
Hayfa Mendez,"April 01, 1969"
Quinn Hudson,"November 03, 1965"
Carl Perkins,"March 21, 1994"
Maia Carr,"August 14, 1978"
Aquila Walsh,"December 25, 1985"
Wang Alvarado,"December 19, 1997"
Giacomo Mcdonald,"October 08, 1968"
Justine Ellis,"August 05, 1962"
Shelley Morales,"August 23, 1963"
Tara Le,"February 11, 2001"
Fleur Lopez,"October 22, 1985"
Beck Walker,"October 21, 1988"
Herman Freeman,"April 19, 1979"
Sopoline Ortiz,"January 25, 1972"
Kaye Butler,"August 08, 1988"
Keegan Day,"November 20, 1973"
